Residue,Generic
18,18(Nterm)
21,21(Nterm)
22,22(Nterm)
23,23(Nterm)
26,1.25
28,1.27
29,1.28
30,1.29
31,1.3
32,1.31
33,1.32
34,1.33
35,1.34
36,1.35
37,1.36
38,1.37
39,1.38
40,1.39
41,1.4
42,1.41
43,1.42
44,1.43
45,1.44
46,1.45
47,1.46
48,1.47
49,1.48
50,1.49
51,1.5
52,1.51
53,1.52
54,1.53
55,1.54
56,1.55
57,1.56
58,1.57
59,1.58
60,1.59
61,1.6
62,62(ICL1)
63,63(ICL1)
64,64(ICL1)
65,65(ICL1)
66,2.37
67,2.38
68,2.39
69,2.4
70,2.41
71,2.42
72,2.43
73,2.44
74,2.45
75,2.46
76,2.47
77,2.48
78,2.49
79,2.5
80,2.51
81,2.52
82,2.53
83,2.54
84,2.55
86,2.57
87,2.58
88,2.59
89,2.6
90,2.61
91,2.62
92,2.63
93,2.64
94,2.65
96,2.67
97,97(ECL1)
98,98(ECL1)
99,99(ECL1)
100,100(ECL1)
101,101(ECL1)
102,3.21
103,3.22
104,3.23
105,3.24
106,3.25
107,3.26
108,3.27
109,3.28
110,3.29
111,3.3
112,3.31
113,3.32
114,3.33
115,3.34
116,3.35
117,3.36
118,3.37
119,3.38
120,3.39
121,3.4
122,3.41
123,3.42
124,3.43
125,3.44
126,3.45
127,3.46
128,3.47
129,3.48
130,3.49
131,3.5
132,3.51
133,3.52
134,3.53
135,3.54
136,3.55
137,3.56
138,138(ICL2)
139,139(ICL2)
140,140(ICL2)
141,141(ICL2)
142,142(ICL2)
143,143(ICL2)
144,144(ICL2)
145,145(ICL2)
146,4.38
147,4.39
148,4.4
149,4.41
150,4.42
151,4.43
152,4.44
153,4.45
154,4.46
155,4.47
156,4.48
157,4.49
158,4.5
159,4.51
160,4.52
161,4.53
162,4.54
163,4.55
164,4.56
165,4.57
166,4.58
167,4.59
168,4.6
169,4.61
170,4.62
171,4.63
172,4.64
175,175(ECL2)
176,176(ECL2)
177,177(ECL2)
178,178(ECL2)
179,179(ECL2)
180,180(ECL2)
183,183(ECL2)
184,184(ECL2)
190,190(ECL2)
191,191(ECL2)
192,192(ECL2)
193,193(ECL2)
194,194(ECL2)
195,195(ECL2)
196,5.35
197,5.36
198,5.37
199,5.38
201,5.4
202,5.41
203,5.42
204,5.43
205,5.44
206,5.45
207,5.46
208,5.47
209,5.48
210,5.49
211,5.5
212,5.51
213,5.52
214,5.53
215,5.54
216,5.55
217,5.56
218,5.57
219,5.58
220,5.59
221,5.6
222,5.61
223,5.62
224,5.63
225,5.64
226,5.65
227,5.66
228,5.67
229,5.68
230,5.69
234,5.73
265,6.27
266,6.28
267,6.29
268,6.3
269,6.31
270,6.32
271,6.33
272,6.34
273,6.35
274,6.36
275,6.37
276,6.38
277,6.39
278,6.4
279,6.41
280,6.42
281,6.43
282,6.44
283,6.45
284,6.46
285,6.47
286,6.48
287,6.49
288,6.5
289,6.51
290,6.52
291,6.53
292,6.54
293,6.55
294,6.56
295,6.57
301,301(ECL3)
304,7.31
305,7.32
306,7.33
307,7.34
308,7.35
309,7.36
310,7.37
311,7.38
312,7.39
313,7.4
314,7.41
315,7.42
316,7.43
317,7.44
318,7.45
319,7.46
320,7.47
321,7.48
322,7.49
323,7.5
324,7.51
325,7.52
326,7.53
327,7.54
328,7.55
329,8.47
330,8.48
331,8.49
332,8.5
333,8.51
334,8.52
335,8.53
337,8.55
338,8.56
339,8.57
340,8.58
341,8.59
342,342(Cterm)
343,343(Cterm)
344,344(Cterm)